sample,pressure_mpa,drained_bulk_modulus_gpa,biot_coefficient
SP14,3.64,9.469580169292474,0.8543141512416542
SP14,3.7616053511705685,9.585536211004992,0.8525302121383848
SP14,3.8832107023411373,9.702392770610023,0.850732418913692
SP14,4.004816053511706,9.820144185957083,0.8489208586775834
SP14,4.126421404682274,9.938784460833281,0.847095623679488
SP14,4.248026755852843,10.05830726282817,0.8452568113411051
SP14,4.369632107023412,10.178705921416423,0.8434045242859012
SP14,4.4912374581939805,10.299973426265055,0.841538870365153
SP14,4.612842809364548,10.422102425771584,0.8396599626804372
SP14,4.734448160535117,10.545085225839557,0.8377679196024683
SP14,4.856053511705686,10.668913788897466,0.8358628647861928
SP14,4.977658862876254,10.793579733166984,0.8339449271820464
SP14,5.099264214046823,10.919074332186234,0.8320142410432887
SP14,5.2208695652173915,11.045388514593457,0.8300709459293314
SP14,5.34247491638796,11.17251286417628,0.8281151867049803
SP14,5.464080267558528,11.300437620191483,0.8261471135355156
SP14,5.585685618729097,11.429152677959822,0.8241668818775412
SP14,5.707290969899665,11.558647589740227,0.822174652465535
SP14,5.828896321070234,11.68891156588731,0.8201705912940414
SP14,5.950501672240803,11.819933476295839,0.8181548695954486
SP14,6.072107023411371,11.951701852135397,0.8161276638133016
SP14,6.19371237458194,12.08420488787817,0.8140891555711051
SP14,6.315317725752509,12.217430443622352,0.8120395316365792
SP14,6.436923076923077,12.35136604771329,0.809978983881334
SP14,6.558528428093645,12.48599889966412,0.8079077092359366
SP14,6.680133779264214,12.621315873377142,0.8058259096403517
SP14,6.8017391304347825,12.757303520666854,0.8037337919897407
SP14,6.923344481605351,12.893948075085028,0.801631568075615
SP14,7.04494983277592,13.03123545604786,0.7995194545223406
SP14,7.166555183946489,13.169151273264687,0.7973976727190049
SP14,7.288160535117057,13.307680831467355,0.7952664487466561
SP14,7.409765886287626,13.446809135438823,0.7931260133009412
SP14,7.531371237458194,13.586520895339136,0.7909766016101671
SP14,7.652976588628762,13.726800532326417,0.7888184533488244
SP14,7.774581939799331,13.867632184469986,0.7866518125466155
SP14,7.8961872909699,14.008999712952395,0.7844769274930401
SP14,8.017792642140469,14.150886708556438,0.7822940506375933
SP14,8.139397993311038,14.29327649843297,0.7801034384856467
SP14,8.261003344481605,14.436152153144652,0.7779053514900822
SP14,8.382608695652173,14.579496493980491,0.7757000539387617
SP14,8.504214046822742,14.723292100535318,0.7734878138379182
SP14,8.625819397993311,14.867521318548123,0.7712689027915673
SP14,8.74742474916388,15.012166267992502,0.7690435958770384
SP14,8.869030100334449,15.15720885141216,0.766812171516736
SP14,8.990635451505018,15.30263076249386,0.7645749113462483
SP14,9.112240802675585,15.448413494869865,0.7623321000789252
SP14,9.233846153846153,15.594538351141392,0.7600840253670555
SP14,9.355451505016722,15.740986452114267,0.7578309776597805
SP14,9.477056856187291,15.887738746237595,0.7555732500578831
SP14,9.59866220735786,16.034776019235714,0.7533111381656044
SP14,9.720267558528429,16.182078903923525,0.7510449399396381
SP14,9.841872909698997,16.32962789019487,0.7487749555354635
SP14,9.963478260869564,16.477403335173182,0.7465014871511818
SP14,10.085083612040133,16.62538547351355,0.7442248388690222
SP14,10.206688963210702,16.773554427844775,0.7419453164946958
SP14,10.32829431438127,16.921890219340042,0.7396632273947685
SP14,10.44989966555184,17.070372778404185,0.7373788803322433
SP14,10.571505016722408,17.218981955465672,0.7350925853005281
SP14,10.693110367892977,17.36769753186102,0.7328046533559843
SP14,10.814715719063544,17.516499230799145,0.7305153964492439
SP14,10.936321070234113,17.66536672839318,0.7282251272554896
SP14,11.057926421404682,17.81427966474691,0.7259341590038937
SP14,11.17953177257525,17.963217655083135,0.7236428053064133
SP14,11.30113712374582,18.112160300900918,0.7213513799861397
SP14,11.422742474916388,18.261087201148808,0.7190601969054029
SP14,11.544347826086957,18.409977963401076,0.7167695697938297
SP14,11.665953177257526,18.55881221502386,0.7144798120765561
SP14,11.787558528428095,18.707569614318317,0.7121912367027952
SP14,11.909163879598662,18.856229861627767,0.7099041559749575
SP14,12.03076923076923,19.004772710396068,0.707618881378522
SP14,12.1523745819398,19.153177978164276,0.7053357234128572
SP14,12.273979933110368,19.301425557493147,0.7030549914231823
SP14,12.395585284280937,19.449495426798777,0.700776993433865
SP14,12.517190635451506,19.597367661089198,0.6985020359832431
SP14,12.638795986622075,19.74502244258976,0.6962304239601576
SP14,12.760401337792642,19.89244007124528,0.6939624604423803
SP14,12.88200668896321,20.03960097508746,0.691698446537116
SP14,13.00361204013378,20.186485720455995,0.6894386812237538
SP14,13.125217391304348,20.33307502206237,0.6871834611990404
SP14,13.246822742474917,20.479349752885447,0.6849330807248393
SP14,13.368428093645486,20.625290953888392,0.6826878314786402
SP14,13.490033444816055,20.77087984354675,0.680448002406973
SP14,13.611638795986622,20.916097827177943,0.6782138795818777
SP14,13.73324414715719,21.060926506062657,0.6759857460605745
SP14,13.85484949832776,21.205347686349263,0.6737638817484728
SP14,13.976454849498328,21.34934338773249,0.671548563265654
SP14,14.098060200668897,21.49289585189826,0.6693400638169498
SP14,14.219665551839466,21.63598755072689,0.6671386530657402
SP14,14.341270903010034,21.778601194247344,0.6649445970115793
SP14,14.462876254180602,21.920719738335624,0.6627581578717596
SP14,14.58448160535117,22.062326392150993,0.6605795939669078
SP14,14.70608695652174,22.203404625303946,0.6584091596107084
SP14,14.827692307692308,22.343938174750622,0.6562471050038365
SP14,14.949297658862877,22.483911051408498,0.654093676132177
SP14,15.070903010033446,22.623307546488977,0.6519491146694003
SP14,15.192508361204014,22.76211223754283,0.6498136578839564
SP14,15.314113712374581,22.90030999421488,0.6476875385505403
SP14,15.43571906354515,23.03788598370492,0.6455709848660781
SP14,15.557324414715719,23.17482567593231,0.6434642203702721
SP14,15.678929765886288,23.311114848402113,0.6413674638707367
SP14,15.800535117056857,23.44673959077115,0.6392809293727515
SP14,15.922140468227425,23.58168630911289,0.6372048260136478
SP14,16.043745819397994,23.715941729880377,0.6351393580018403
SP14,16.165351170568563,23.849492903567135,0.6330847245605056
SP14,16.28695652173913,23.982327208066092,0.6310411198759063
SP14,16.408561872909697,24.114432351727338,0.6290087330503487
SP14,16.530167224080266,24.245796376115777,0.6269877480597572
SP14,16.651772575250835,24.376407658470157,0.6249783437158438
SP14,16.773377926421404,24.5062549138655,0.6229806936328384
SP14,16.894983277591972,24.635327197081196,0.6209949661987508
SP14,17.01658862876254,24.763613904177518,0.6190213245511151
SP14,17.13819397993311,24.891104773783674,0.6170599265571742
SP14,17.25979933110368,25.01778988810084,0.6151109247984486
SP14,17.381404682274248,25.143659673623958,0.6131744665596315
SP14,17.503010033444816,25.268704901586485,0.6112506938217463
SP14,17.624615384615385,25.392916688132523,0.6093397432594996
SP14,17.746220735785954,25.516286494221085,0.6074417462427526
SP14,17.867826086956523,25.63880612526752,0.6055568288420381
SP14,17.989431438127088,25.760467730527477,0.6036851118380389
SP14,18.111036789297657,25.8812638022289,0.60182671073494
SP14,18.232642140468226,26.001187174457826,0.5999817357775719
SP14,18.354247491638795,26.120231021804173,0.5981502919722435
SP14,18.475852842809363,26.23838885777352,0.5963324791111766
SP14,18.597458193979932,26.355654532971446,0.5945283918004394
SP14,18.7190635451505,26.472022233066987,0.5927381194912771
SP14,18.84066889632107,26.587486476541866,0.5909617465147405
SP14,18.96227424749164,26.702042112232476,0.5891993521195004
SP14,19.083879598662207,26.81568431667155,0.5874510105127454
SP14,19.205484949832776,26.928408591236625,0.5857167909040519
SP14,19.327090301003345,27.040210759112554,0.5839967575521146
SP14,19.448695652173914,27.151086962075237,0.5822909698142271
SP14,19.570301003344483,27.26103365710398,0.5805994821984003
SP14,19.69190635451505,27.370047612829858,0.5789223444180022
SP14,19.81351170568562,27.478125905827408,0.5772596014488092
SP14,19.93511705685619,27.585265916757212,0.5756112935883506
SP14,20.056722408026758,27.69146532636665,0.5739774565174361
SP14,20.178327759197323,27.796722111356388,0.5723581213637479
SP14,20.299933110367892,27.901034540119873,0.5707533147673866
SP14,20.42153846153846,28.004401168363323,0.5691630589482566
SP14,20.54314381270903,28.1068208346134,0.5675873717751785
SP14,20.6647491638796,28.208292655619992,0.5660262668366155
SP14,20.786354515050167,28.308816021661123,0.5644797535129058
SP14,20.907959866220736,28.40839059175729,0.5629478370498879
SP14,21.029565217391305,28.50701628880212,0.5614305186338135
SP14,21.151170568561874,28.60469329461634,0.5599277954674409
SP14,21.272775919732442,28.701422044931984,0.5584396608472002
SP14,21.39438127090301,28.79720322431336,0.556966104241333
SP14,21.51598662207358,28.89203776102158,0.5555071113688987
SP14,21.63759197324415,28.985926821829032,0.5540626642795534
SP14,21.759197324414718,29.078871806790136,0.5526327414339979
SP14,21.880802675585283,29.17087434397463,0.5512173177850057
SP14,22.00240802675585,29.26193628416946,0.5498163648589314
SP14,22.12401337792642,29.35205969555507,0.5484298508376143
SP14,22.24561872909699,29.441246858362042,0.547057740640584
SP14,22.367224080267558,29.529500259513526,0.5456999960074842
SP14,22.488829431438127,29.616822587258977,0.5443565755806311
SP14,22.610434782608696,29.70321672580446,0.5430274349876236
SP14,22.732040133779265,29.788685749944666,0.5417125269239282
SP14,22.853645484949833,29.873232919701515,0.5404118012353614
SP14,22.975250836120402,29.956861674974178,0.5391252050003973
SP14,23.09685618729097,30.039575630205114,0.537852682612229
SP14,23.21846153846154,30.121378569066547,0.5365941758605146
SP14,23.34006688963211,30.20227443917159,0.5353496240127448
SP14,23.461672240802677,30.282267346814194,0.5341189638951662
SP14,23.583277591973243,30.361361551741773,0.5329021299732035
SP14,23.70488294314381,30.439561461964267,0.5316990544313189
SP14,23.82648829431438,30.516871628603155,0.5305096672522591
SP14,23.94809364548495,30.593296740783945,0.5293338962956315
SP14,24.069698996655518,30.668841620575215,0.5281716673757659
SP14,24.191304347826087,30.743511217977396,0.5270229043388093
SP14,24.312909698996656,30.817310605964114,0.5258875291390137
SP14,24.434515050167224,30.890244975578838,0.5247654619141717
SP14,24.556120401337793,30.962319631089482,0.5236566210601619
SP14,24.677725752508362,31.033539985203234,0.5225609233045656
SP14,24.79933110367893,31.103911554344027,0.5214782837793226
SP14,24.9209364548495,31.173439953994595,0.5204086160923909
SP14,25.04254180602007,31.242130894105284,0.5193518323983802
SP14,25.164147157190637,31.30999017457118,0.5183078434681356
SP14,25.285752508361202,31.377023680779416,0.5172765587572398
SP14,25.40735785953177,31.443237379228105,0.5162578864734138
SP14,25.52896321070234,31.50863731321828,0.5152517336427958
SP14,25.65056856187291,31.573229598620138,0.5142580061750748
SP14,25.772173913043478,31.6370204197147,0.5132766089274662
SP14,25.893779264214047,31.700016025111854,0.5123074457675099
SP14,26.015384615384615,31.762222723745772,0.5113504196346804
SP14,26.136989966555184,31.823646880948342,0.5104054326007947
SP14,26.258595317725753,31.88429491460128,0.5094723859292111
SP14,26.38020066889632,31.944173291367637,0.5085511801328055
SP14,26.50180602006689,32.00328852300283,0.5076417150307257
SP14,26.62341137123746,32.061647162745835,0.5067438898039103
SP14,26.745016722408028,32.119255801790594,0.5058576030493755
SP14,26.866622073578597,32.176121065837776,0.504982752833265
SP14,26.988227424749162,32.23224961172711,0.5041192367426598
SP14,27.10983277591973,32.28764812415,0.5032669519361538
SP14,27.2314381270903,32.342323312442545,0.5024257951931916
SP14,27.35304347826087,32.39628190745855,0.5015956629621761
SP14,27.474648829431437,32.449530658522484,0.5007764514073464
SP14,27.596254180602006,32.502076330461776,0.4999680564544342
SP14,27.717859531772575,32.55392570071828,0.4991703738351033
SP14,27.839464882943144,32.60508555653825,0.49838329913018076
SP14,27.961070234113713,32.655562692240366,0.4976067278116867
SP14,28.08267558528428,32.705363906561224,0.49684055528367344
SP14,28.20428093645485,32.75449600007758,0.4960846769218834
SP14,28.32588628762542,32.802965772704624,0.49533898811223653
SP14,28.447491638795988,32.85078002126971,0.4946033842881583
SP14,28.569096989966557,32.89794553716046,0.49387776096676217
SP14,28.690702341137126,32.94446910404661,0.49316201378389835
SP14,28.81230769230769,32.9903574956747,0.4924560385280815
SP14,28.93391304347826,33.03561747373456,0.4917597311733144
SP14,29.05551839464883,33.08025578579679,0.49107298791081866
SP14,29.177123745819397,33.12427916332012,0.49039570517969044
SP14,29.298729096989966,33.16769431972784,0.4897277796964947
SP14,29.420334448160535,33.21050794855199,0.48906910848381546
SP14,29.541939799331104,33.25272672164444,0.4884195888977778
SP14,29.663545150501673,33.294357287453806,0.4877791186545568
SP14,29.78515050167224,33.33540626936691,0.4871475958558936
SP14,29.90675585284281,33.3758802641139,0.48652491901363226
SP14,30.02836120401338,33.41578584023569,0.48591098707329705
SP14,30.149966555183948,33.455129536612766,0.48530569943672663
SP14,30.271571906354517,33.49391786105403,0.48470895598378416
SP14,30.393177257525085,33.53215728894469,0.48412065709315866
SP14,30.51478260869565,33.569854261951846,0.4835407036622793
SP14,30.63638795986622,33.60701518678678,0.4829689971263572
SP14,30.75799331103679,33.643646434022635,0.4824054394765749
SP14,30.879598662207357,33.679754336966326,0.4818499332774412
SP14,31.001204013377926,33.715345190583626,0.48130238168332884
SP14,31.122809364548495,33.75042525047602,0.4807626884542151
SP14,31.244414715719063,33.785000731908404,0.48023075797063997
SP14,31.366020066889632,33.81907780888619,0.47970649524790476
SP14,31.4876254180602,33.85266261328094,0.479189805949524
SP14,31.60923076923077,33.88576123400304,0.4786805963999532
SP14,31.73083612040134,33.91837971622057,0.47817877359660665
SP14,31.852441471571908,33.95052406062297,0.47768424522118513
SP14,31.974046822742476,33.982200222728515,0.4771969196503305
SP14,32.095652173913045,34.01341411223438,0.476716705965625
SP14,32.21725752508361,34.04417159240823,0.4762435139629503
SP14,32.338862876254176,34.074478479520174,0.47577725416122807
SP14,32.46046822742475,34.10434054231401,0.4753178378105537
SP14,32.58207357859531,34.13376350151669,0.4748651768997433
SP14,32.703678929765886,34.16275302938488,0.4744191841633095
SP14,32.82528428093645,34.19131474928757,0.4739797730878835
SP14,32.94688963210702,34.21945423532376,0.47354685791809603
SP14,33.06849498327759,34.247177011974046,0.4731203536619377
SP14,33.19010033444816,34.27448855378522,0.472700176095612
SP14,33.311705685618726,34.30139428508681,0.47228624176789524
SP14,33.4333110367893,34.327899579738585,0.4718784680040218
SP14,33.554916387959864,34.35400976090806,0.4714767729091067
SP14,33.676521739130436,34.379730100877055,0.4710810753711222
SP14,33.798127090301,34.40506582087632,0.4706912950634413
SP14,33.91973244147157,34.430022090947396,0.4703073524469631
SP14,34.04133779264214,34.45460402983068,0.46992916877183566
SP14,34.162943143812704,34.47881670487894,0.46955666607878555
SP14,34.28454849498328,34.50266513199525,0.4691897672000731
SP14,34.40615384615384,34.526154275594706,0.4688283957600814
SP14,34.527759197324414,34.54928904858882,0.46847247617555665
SP14,34.64936454849498,34.57207431239202,0.46812193365550736
SP14,34.77096989966555,34.594514876949255,0.4677766942007807
SP14,34.89257525083612,34.616615500784064,0.4674366846033221
SP14,35.01418060200669,34.63838089106625,0.4671018324451346
SP14,35.135785953177255,34.65981570369839,0.46677206609694777
SP14,35.25739130434783,34.68092454342064,0.4664473147166056
SP14,35.37899665551839,34.701711963932716,0.46612750824718896
SP14,35.500602006688965,34.72218246803288,0.4658125774148788
SP14,35.62220735785953,34.742340507772695,0.46550245372657395
SP14,35.7438127090301,34.76219048462739,0.4651970694672709
SP14,35.86541806020067,34.781736749680704,0.46489635769721993
SP14,35.98702341137124,34.80098360382404,0.4646002522488609
SP14,36.108628762541805,34.81993529796887,0.4643086877235558
SP14,36.23023411371238,34.83859603327215,0.46402159948812083
SP14,36.35183946488294,34.8569699613739,0.46373892367117076
SP14,36.473444816053515,34.87506118464653,0.4634605971592841
SP14,36.59505016722408,34.89287375645529,0.46318655759299554
SP14,36.716655518394646,34.91041168142927,0.46291674336262667
SP14,36.83826086956522,34.927678915742526,0.46265109360396117
SP14,36.95986622073578,34.94467936740474,0.4623895481937732
SP14,37.081471571906356,34.961416896560884,0.4621320477452172
SP14,37.20307692307692,34.977895315799515,0.4618785336030844
SP14,37.32468227424749,34.99411839046915,0.46162894783893615
SP14,37.44628762541806,35.01008983900224,0.4613832332461194
SP14,37.56789297658863,35.02581333324645,0.46114133333467
SP14,37.689498327759196,35.041292498802534,0.4609031923261149
SP14,37.81110367892977,35.05653091536878,0.4606687551481726
SP14,37.932709030100334,35.07153211709124,0.4604379674293656
SP14,38.054314381270906,35.086299592919524,0.46021077549354583
SP14,38.17591973244147,35.10083678696793,0.45998712635433947
SP14,38.29752508361204,35.11514709888121,0.45976696770951986
SP14,38.41913043478261,35.12923388420486,0.45955024793530985
SP14,38.540735785953174,35.14310045475957,0.459336916080622
SP14,38.66234113712375,35.15675007901941,0.4591269218612398
SP14,38.78394648829431,35.170185982493486,0.45892021565394636
SP14,38.905551839464884,35.18341134811074,0.45871674849060406
SP14,39.02715719063545,35.196429316607656,0.4585164720521899
SP14,39.14876254180602,35.20924298691846,0.45831933866279295
SP14,39.27036789297659,35.22185541656768,0.4581253012835742
SP14,39.39197324414716,35.234269622064645,0.4579343135066978
SP14,39.513578595317725,35.24648857929983,0.45774632954923344
SP14,39.6351839464883,35.25851522394265,0.4575613042470361
SP14,39.75678929765886,35.27035245184055,0.45737919304860686
SP14,39.878394648829435,35.28200311941911,0.4571999520089368
SP14,40.0,35.293470044083,0.4570235377833385
HT14,2.68,31.399827192514916,0.6318894819165894
HT14,2.8007357859531776,31.50887649886673,0.6306110609745987
HT14,2.9214715719063546,31.617695238789395,0.6293353430388113
HT14,3.042207357859532,31.726279719260937,0.6280623714037405
HT14,3.162943143812709,31.83462628220701,0.6267921889541967
HT14,3.2836789297658866,31.9427313049274,0.6255248381602884
HT14,3.4044147157190636,32.050591200511676,0.6242603610725477
HT14,3.525150501672241,32.15820241824415,0.6229987993171846
HT14,3.645886287625418,32.26556144399781,0.6217401940914676
HT14,3.7666220735785956,32.37266480061728,0.6204845861592347
HT14,3.8873578595317726,32.47950904829079,0.6192320158465323
HT14,4.00809364548495,32.58609078491105,0.6179825230373851
HT14,4.1288294314381275,32.69240664642496,0.6167361471696956
HT14,4.2495652173913046,32.79845330717221,0.6154929272312754
HT14,4.370301003344482,32.904227480212576,0.6142529017560072
HT14,4.4910367892976595,33.00972591764211,0.6130161088201393
HT14,4.6117725752508365,33.114945410897946,0.611782586038711
HT14,4.7325083612040135,33.219882791051894,0.6105523705621114
HT14,4.853244147157191,33.32453492909274,0.6093254990727697
HT14,4.973979933110368,33.42889873619719,0.608102007781979
HT14,5.0947157190635455,33.53297116398955,0.6068819324268517
HT14,5.2154515050167225,33.63674920479009,0.605665308267408
HT14,5.3361872909698995,33.7402298918521,0.6044521700837971
HT14,5.456923076923077,33.84341029958767,0.6032425521736499
HT14,5.5776588628762545,33.946287543782134,0.6020364883495646
HT14,5.6983946488294315,34.04885878179736,0.600834011936725
HT14,5.819130434782609,34.15112121276373,0.599635155770648
HT14,5.9398662207357855,34.25307207776095,0.5984399521950651
HT14,6.060602006688963,34.35470865998771,0.597248433059933
HT14,6.1813377926421404,34.45602828492014,0.5960606297195763
HT14,6.3020735785953175,34.55702832045933,0.5948765730309574
HT14,6.422809364548495,34.65770617706768,0.5936962933520787
HT14,6.543545150501672,34.75805930789431,0.5925198205405122
HT14,6.664280936454849,34.858085208889584,0.5913471839520564
HT14,6.785016722408027,34.95778141890874,0.5901784124395224
HT14,6.9057525083612035,35.05714551980468,0.589013534351645
HT14,7.026488294314381,35.15617513651014,0.5878525775321202
HT14,7.147224080267559,35.254867937109104,0.5866955693187679
HT14,7.267959866220735,35.353221632897636,0.5855425365428178
HT14,7.388695652173913,35.45123397843432,0.5843935055283198
HT14,7.509431438127091,35.548902771580146,0.5832485020916747
HT14,7.630167224080267,35.64622585352819,0.5821075515412872
HT14,7.750903010033445,35.74320110882298,0.580970678677339
HT14,7.871638795986621,35.839826465369725,0.5798379077916797
HT14,7.992374581939799,35.93609989443358,0.5787092626678361
HT14,8.113110367892977,36.03201941062886,0.5775847665811388
HT14,8.233846153846153,36.12758307189847,0.5764644422989629
HT14,8.354581939799331,36.22278897948367,0.5753483120810825
HT14,8.47531772575251,36.31763527788402,0.5742363976801403
HT14,8.596053511705685,36.41212015480812,0.573128720342226
HT14,8.716789297658863,36.50624184111465,0.5720253008075656
HT14,8.837525083612041,36.599998610744336,0.5709261593113208
HT14,8.958260869565217,36.69338878064272,0.5698313155844933
HT14,9.078996655518395,36.78641071067384,0.5687407888549374
HT14,9.199732441471571,36.87906280352508,0.567654597848475
HT14,9.32046822742475,36.97134350460323,0.5665727607901145
HT14,9.441204013377927,37.06325130192185,0.565495295405371
HT14,9.561939799331103,37.154784725980186,0.564422218921686
HT14,9.682675585284281,37.24594234963365,0.5633535480699454
HT14,9.803411371237459,37.33672278795613,0.5622892990860946
HT14,9.924147157190635,37.427124698094055,0.5612294877128481
HT14,10.044882943143813,37.517146779112686,0.5601741292014926
HT14,10.16561872909699,37.60678777183439,0.5591232383137821
HT14,10.286354515050167,37.69604645866935,0.5580768293239232
HT14,10.407090301003345,37.78492166343867,0.5570349160206486
HT14,10.527826086956521,37.87341225119012,0.5559975117093773
HT14,10.6485618729097,37.961517128006584,0.5549646292144597
HT14,10.769297658862875,38.049235240807455,0.5539362808815069
HT14,10.890033444816053,38.136565577143,0.5529124785798006
HT14,11.010769230769231,38.223507164982,0.551893233704783
HT14,11.131505016722407,38.310059072492635,0.5508785571806256
HT14,11.252240802675585,38.39622040781692,0.5498684594628731
HT14,11.372976588628763,38.48199031883875,0.5488629505411635
HT14,11.49371237458194,38.56736799294574,0.5478620399420194
HT14,11.614448160535117,38.652352656785034,0.5468657367317111
HT14,11.735183946488293,38.73694357601312,0.5458740495191896
HT14,11.855919732441471,38.82114005503994,0.5448869864590863
HT14,11.976655518394649,38.90494143676747,0.5439045552547775
HT14,12.097391304347825,38.98834710232267,0.5429267631615162
HT14,12.218127090301003,39.07135647078529,0.5419536169896215
HT14,12.338862876254181,39.1539689989104,0.5409851231077327
HT14,12.459598662207357,39.23618418084607,0.5400212874461188
HT14,12.580334448160535,39.31800154784604,0.5390621155000465
HT14,12.701070234113713,39.399420667977765,0.5381076123332031
HT14,12.821806020066889,39.48044114582597,0.5371577825811726
HT14,12.942541806020067,39.561062622191685,0.5362126304549626
HT14,13.063277591973243,39.64128477378711,0.5352721597445824
HT14,13.184013377926421,39.72110731292641,0.5343363738226681
HT14,13.304749163879599,39.800529987212435,0.5334052756481543
HT14,13.425484949832775,39.87955257921979,0.5324788677699908
HT14,13.546220735785953,39.95817490617415,0.5315571523309008
HT14,13.666956521739131,40.03639681962806,0.5306401310711834
HT14,13.787692307692307,40.11421820513344,0.5297278053325505
HT14,13.908428093645485,40.19163898191079,0.528820176062007
HT14,14.029163879598661,40.26865910251539,0.5279172438157633
HT14,14.149899665551839,40.34527855250047,0.5270190087631832
HT14,14.270635451505017,40.42149735007767,0.5261254706907659
HT14,14.391371237458193,40.49731554577483,0.5252366290061568
HT14,14.512107023411371,40.57273322209119,0.52435248274219
HT14,14.632842809364549,40.64775049315028,0.523473030560958
HT14,14.753578595317725,40.72236750435057,0.5225982707579065
HT14,14.874314381270903,40.79658443201392,0.5217282012659563
HT14,14.99505016722408,40.87040148303217,0.5208628196596463
HT14,15.115785953177257,40.94381889451177,0.5200021231592993
HT14,15.236521739130435,41.01683693341678,0.5191461086352076
HT14,15.357257525083611,41.08945589621027,0.5182947726118374
HT14,15.477993311036789,41.16167610849412,0.5174481112720501
HT14,15.598729096989967,41.23349792464774,0.5166061204613395
HT14,15.719464882943143,41.30492172746534,0.5157687956920827
HT14,15.84020066889632,41.37594792779222,0.5149361321478052
HT14,15.960936454849499,41.44657696416007,0.5141081246874551
HT14,16.081672240802675,41.51680930242144,0.5132847678496899
HT14,16.202408026755855,41.58664543538339,0.5124660558571701
HT14,16.32314381270903,41.65608588244064,0.51165198262086
HT14,16.443879598662207,41.72513118920813,0.5108425417443361
HT14,16.564615384615387,41.793781927153184,0.5100377265280986
HT14,16.685351170568563,41.86203869322745,0.5092375299738869
HT14,16.80608695652174,41.929902109498585,0.5084419447889966
HT14,16.92682274247492,41.997372822781934,0.5076509633905987
HT14,17.047558528428095,42.06445150427217,0.5068645779100567
HT14,17.16829431438127,42.13113884917515,0.5060827801972432
HT14,17.28903010033445,42.19743557633998,0.5053055618248536
HT14,17.409765886287627,42.26334242789132,0.5045329140927161
HT14,17.530501672240803,42.32886016886228,0.5037648280320952
HT14,17.65123745819398,42.393989586827715,0.5030012944099915
HT14,17.77197324414716,42.458731491538195,0.5022423037334327
HT14,17.892709030100335,42.52308671455465,0.5014878462537555
HT14,18.01344481605351,42.587056108883885,0.5007379119708806
HT14,18.13418060200669,42.65064054861486,0.4999924906375749
HT14,18.254916387959867,42.713840928556046,0.49925157176370405
HT14,18.375652173913043,42.77665816387378,0.4985151446204714
HT14,18.496387959866222,42.83909318973177,0.4977831982446451
HT14,18.6171237458194,42.901146960931825,0.49705572144276877
HT14,18.737859531772575,42.962820451555835,0.49633270279535946
HT14,18.85859531772575,43.02411465460918,0.49561413066108817
HT14,18.97933110367893,43.0850305816655,0.4948999931809437
HT14,19.100066889632107,43.14556926251306,0.49419027828237916
HT14,19.220802675585283,43.20573174480263,0.49348497368343924
HT14,19.341538461538462,43.26551909369707,0.49278406689686904
HT14,19.46227424749164,43.32493239152257,0.49208754523420195
HT14,19.583010033444815,43.38397273742173,0.4913953958098273
HT14,19.703745819397994,43.44264124700841,0.49070760554503623
HT14,19.82448160535117,43.50093905202459,0.4900241611720446
HT14,19.945217391304347,43.55886729999907,0.4893450492379945
HT14,20.065953177257526,43.61642715390828,0.4886702561089299
HT14,20.186688963210702,43.67361979183911,0.4879997679737502
HT14,20.30742474916388,43.73044640665388,0.48733357084813733
HT14,20.42816053511706,43.78690820565753,0.48667165057845796
HT14,20.548896321070234,43.84300641026694,0.4860139928456396
HT14,20.66963210702341,43.898742255682606,0.48536058316901987
HT14,20.790367892976587,43.954116990562675,0.4847114069101679
HT14,20.911103678929766,44.00913187669917,0.4840664492766803
HT14,21.031839464882943,44.06378818869684,0.4834256953259456
HT14,21.15257525083612,44.11808721365433,0.48278912996888246
HT14,21.2733110367893,44.17203025084785,0.4821567379736478
HT14,21.394046822742474,44.2256186114174,0.48152850396931535
HT14,21.51478260869565,44.27885361805557,0.4809044124495243
HT14,21.63551839464883,44.33173660469889,0.48028444777609736
HT14,21.756254180602006,44.38426891622188,0.4796685941826274
HT14,21.876989966555183,44.43645190813365,0.4790568357780346
HT14,21.997725752508362,44.488286946277356,0.47844915655008957
HT14,22.11846153846154,44.5397754065322,0.47784554036890736
HT14,22.239197324414715,44.590918674518306,0.47724597099040666
HT14,22.359933110367894,44.641718145304345,0.476650432059738
HT14,22.48066889632107,44.6921752231179,0.4760589071146788
HT14,22.601404682274246,44.74229132105868,0.47547137958899555
HT14,22.722140468227426,44.792067860814676,0.4748878328157716
HT14,22.842876254180602,44.84150627238096,0.47430825003070387
HT14,22.96361204013378,44.89060799378159,0.4737326143753623
HT14,23.084347826086955,44.93937447079428,0.47316090890041873
HT14,23.205083612040134,44.98780715667801,0.4725931165688393
HT14,23.32581939799331,45.03590751190357,0.4720292202590437
HT14,23.446555183946487,45.08367700388709,0.4714692027680294
HT14,23.567290969899666,45.13111710672641,0.4709130468144618
HT14,23.688026755852842,45.17822930094053,0.4703607350417288
HT14,23.80876254180602,45.22501507321197,0.4698122500209616
HT14,23.929498327759198,45.27147591613214,0.46926757425401944
HT14,24.050234113712374,45.31761332794967,0.46872669017644
HT14,24.17096989966555,45.363428812321764,0.4681895801603544
HT14,24.29170568561873,45.408923878068535,0.4676562265173677
HT14,24.412441471571906,45.45410003893038,0.46712661150140233
HT14,24.533177257525082,45.49895881332832,0.46660071731150854
HT14,24.653913043478262,45.54350172412735,0.4660785260946383
HT14,24.774648829431438,45.58773029840286,0.4655600199483838
HT14,24.895384615384614,45.63164606720998,0.4650451809236814
HT14,25.016120401337794,45.67525056535603,0.46453399102747905
HT14,25.13685618729097,45.71854533117587,0.46402643222537077
HT14,25.257591973244146,45.761531906310374,0.4635224864441926
HT14,25.378327759197322,45.80421183548781,0.46302213557458605
HT14,25.499063545150502,45.84658666630828,0.4625253614735254
HT14,25.61979933110368,45.888657949031106,0.46203214596680997
HT14,25.740535117056854,45.93042723636522,0.46154247085152145
HT14,25.861270903010034,45.97189608326256,0.4610563178984459
HT14,25.98200668896321,46.013066046714414,0.4605736688544617
HT14,26.102742474916386,46.05393868555071,0.46009450544489194
HT14,26.223478260869566,46.09451556024228,0.4596188093758232
HT14,26.344214046822742,46.13479823270608,0.4591465623363883
HT14,26.46494983277592,46.17478826611332,0.4586777460010162
HT14,26.585685618729098,46.21448722470053,0.45821234203164685
HT14,26.706421404682274,46.25389667358351,0.4577503320799119
HT14,26.82715719063545,46.29301817857423,0.45729169778928214
HT14,26.94789297658863,46.33185330600058,0.45683642079717957
HT14,27.068628762541806,46.37040362252898,0.4563844827370577
HT14,27.189364548494982,46.40867069498985,0.45593586524044716
HT14,27.310100334448162,46.44665609020597,0.45549054993896865
HT14,27.430836120401338,46.48436137482359,0.4550485184663119
HT14,27.551571906354514,46.52178811514642,0.45460975246018265
HT14,27.67230769230769,46.558937876972365,0.45417423356421605
HT14,27.79304347826087,46.59581222543305,0.45374194342985874
HT14,27.913779264214046,46.63241272483613,0.45331286371821655
HT14,28.034515050167222,46.66874093851031,0.4528869761018721
HT14,28.155250836120402,46.70479842865308,0.4524642622666697
HT14,28.275986622073578,46.74058675618122,0.4520447039134675
HT14,28.396722408026754,46.77610748058391,0.45162828275986033
HT14,28.517458193979934,46.81136215977854,0.45121498054186937
HT14,28.63819397993311,46.846352349969216,0.45080477901560123
HT14,28.758929765886286,46.88107960550778,0.45039765995887715
HT14,28.879665551839466,46.91554547875755,0.4499936051728306
HT14,29.000401337792642,46.94975151995961,0.4495925964834746
HT14,29.121137123745818,46.98369927710161,0.44919461574324027
HT14,29.241872909698998,47.017390295789156,0.44879964483248347
HT14,29.362608695652174,47.05082611911981,0.44840766566096346
HT14,29.48334448160535,47.084008287559364,0.44801866016929237
HT14,29.60408026755853,47.11693833882082,0.44763261033035373
HT14,29.724816053511706,47.149617807745756,0.4472494981506945
HT14,29.845551839464882,47.18204822618798,0.44686930567188765
HT14,29.96628762541806,47.21423112289988,0.4464920149718654
HT14,30.087023411371238,47.2461680234209,0.44611760816622625
HT14,30.207759197324414,47.2778604499685,0.4457460674095135
HT14,30.32849498327759,47.30930992133149,0.44537737489646556
HT14,30.44923076923077,47.34051795276558,0.4450115128632406
HT14,30.569966555183946,47.3714860558913,0.4446484635886131
HT14,30.690702341137122,47.40221573859421,0.44428820939514413
HT14,30.8114381270903,47.43270850492727,0.4439307326503251
HT14,30.932173913043478,47.46296585501552,0.4435760157676961
HT14,31.052909698996654,47.49298928496291,0.4432240412079377
HT14,31.173645484949834,47.52278028676137,0.442874791479937
HT14,31.29438127090301,47.55234034820191,0.44252824914182987
HT14,31.415117056856186,47.58167095278803,0.44218439680201604
HT14,31.535852842809366,47.61077357965105,0.44184321712015173
HT14,31.65658862876254,47.63964970346766,0.44150469280811655
HT14,31.777324414715718,47.668300794379434,0.44116880663095626
HT14,31.898060200668898,47.696728317914435,0.4408355414078027
HT14,32.018795986622074,47.72493373491083,0.44050488001276866
HT14,32.13953177257525,47.75291850144244,0.4401768053758214
HT14,32.26026755852843,47.780684068746275,0.43985130048363097
HT14,32.381003344481606,47.80823188315206,0.4395283483803979
HT14,32.501739130434785,47.83556338601357,0.43920793216865683
HT14,32.62247491638796,47.862680013641935,0.4388900350100594
HT14,32.74321070234114,47.889583197240796,0.4385746401261337
HT14,32.86394648829432,47.91627436284325,0.4382617307990241
HT14,32.98468227424749,47.942754931250676,0.4379512903722078
HT14,33.10541806020067,47.96902631797335,0.43764330225119163
HT14,33.22615384615385,47.995089933172764,0.43733774990418794
HT14,33.34688963210702,48.02094718160574,0.4370346168627697
HT14,33.4676254180602,48.0465994625703,0.43673388672250524
HT14,33.58836120401338,48.072048169853126,0.43643554314357413
HT14,33.709096989966554,48.097294691678854,0.4361395698513616
HT14,33.82983277591973,48.12234041066082,0.43584595063703613
HT14,33.95056856187291,48.147186703753626,0.43555466935810516
HT14,34.071304347826086,48.1718349422072,0.4352657099389543
HT14,34.192040133779265,48.196286491522436,0.43497905637136647
HT14,34.312775919732445,48.220542711408484,0.4346946927150236
HT14,34.43351170568562,48.244604955741444,0.4344126030979901
HT14,34.5542474916388,48.268474572524696,0.43413277171717823
HT14,34.67498327759198,48.29215290385063,0.43385518283879687
HT14,34.79571906354515,48.31564128586393,0.43357982079878155
HT14,34.91645484949833,48.33894104872622,0.43330667000320955
HT14,35.0371906354515,48.36205351658216,0.43303571492869686
HT14,35.15792642140468,48.384980007527005,0.4327669401227784
HT14,35.27866220735786,48.40772183357546,0.4325003302042736
HT14,35.399397993311034,48.43028030063193,0.43223586986363505
HT14,35.520133779264214,48.45265670846212,0.43197354386328113
HT14,35.64086956521739,48.47485235066594,0.4317133370379139
HT14,35.761605351170566,48.49686851465167,0.43145523429482213
HT14,35.882341137123746,48.51870648161148,0.4311992206141678
HT14,36.003076923076925,48.5403675264981,0.4309452810492602
HT14,36.1238127090301,48.561852918002835,0.43069340072681317
HT14,36.24454849498328,48.58316391853465,0.4304435648471905
HT14,36.36528428093646,48.604301784200615,0.4301957586846352
HT14,36.48602006688963,48.62526776478739,0.4299499675874866
HT14,36.60675585284281,48.64606310374387,0.42970617697838365
HT14,36.72749163879599,48.66668903816508,0.4294643723544539
HT14,36.84822742474916,48.68714679877701,0.42922453928749105
HT14,36.96896321070234,48.707437609922685,0.4289866634241185
HT14,37.08969899665552,48.72756268954923,0.42875073048594103
HT14,37.210434782608694,48.747523249196,0.4285167262696834
HT14,37.33117056856187,48.76732049398377,0.4282846366473181
HT14,37.45190635451505,48.786955622604914,0.42805444756617916
HT14,37.572642140468226,48.80642982731459,0.4278261450490669
HT14,37.693377926421405,48.82574429392291,0.4275997151943387
HT14,37.814113712374585,48.84490020178806,0.42737514417599
HT14,37.93484949832776,48.86389872381036,0.42715241824372385
HT14,38.05558528428094,48.882741026427276,0.4269315237230097
HT14,38.17632107023412,48.90142826960929,0.42671244701513145
HT14,38.29705685618729,48.919961606856745,0.4264951745972245
HT14,38.41779264214047,48.93834218519741,0.4262796930223046
HT14,38.53852842809364,48.95657114518509,0.4260659889192838
HT14,38.65926421404682,48.97464962089892,0.42585404899297863
HT14,38.78,48.99257873994358,0.42564386002410803
SP30,3.4,11.096838902590317,0.7668731322985227
SP30,3.5224080267558526,11.180450934924036,0.7651165769973942
SP30,3.644816053511706,11.26414585594292,0.7633582803373337
SP30,3.7672240802675585,11.347915606265685,0.7615984116330738
SP30,3.8896321070234112,11.431752097470792,0.7598371408094371
SP30,4.012040133779264,11.515647215202552,0.7580746383360808
SP30,4.134448160535117,11.599592822298597,0.7563110751617942
SP30,4.256856187290969,11.683580761936177,0.7545466226483997
SP30,4.379264214046823,11.76760286079473,0.7527814525043124
SP30,4.501672240802676,11.851650932232056,0.751015736717814
SP30,4.624080267558528,11.93571677947158,0.7492496474900929
SP30,4.746488294314381,12.01979219879798,0.7474833571681097
SP30,4.868896321070234,12.103868982758575,0.7457170381773408
SP30,4.991304347826087,12.187938923367826,0.7439508629544574
SP30,5.11371237458194,12.271993815312252,0.7421850038799946
SP30,5.236120401337793,12.35602545915317,0.7404196332110679
SP30,5.358528428093646,12.440025664524523,0.7386549230141908
SP30,5.480936454849498,12.523986253323212,0.7368910450982519
SP30,5.603344481605351,12.607899062889254,0.7351281709477048
SP30,5.725752508361204,12.691755949173162,0.733366471656026
SP30,5.8481605351170565,12.775548789887942,0.731606117859497
SP30,5.970568561872909,12.859269487643113,0.7298472796713632
SP30,6.092976588628762,12.942909973058184,0.7280901266164248
SP30,6.215384615384615,13.026462207853088,0.7263348275661117
SP30,6.337792642140468,13.109918187913069,0.7245815506740951
SP30,6.460200668896321,13.193269946325499,0.7228304633124896
SP30,6.582608695652174,13.276509556386333,0.7210817320086904
SP30,6.705016722408027,13.359629134573682,0.7193355223829059
SP30,6.82742474916388,13.442620843486255,0.7175919990864232
SP30,6.949832775919733,13.525476894744383,0.7158513257406642
SP30,7.072240802675585,13.608189551851352,0.7141136648770725
SP30,7.194648829431438,13.690751133012894,0.7123791778778804
SP30,7.317056856187291,13.77315401391272,0.7106480249178
SP30,7.439464882943144,13.855390630442024,0.7089203649066802
SP30,7.561872909698996,13.93745348138096,0.707196355433173
SP30,7.684280936454849,14.019335131030154,0.7054761527094506
SP30,7.806688963210702,14.101028211790412,0.7037599115170081
SP30,7.929096989966554,14.182525426688802,0.7020477851535967
SP30,8.051505016722407,14.263819551849373,0.7003399253813156
SP30,8.17391304347826,14.344903438906938,0.6986364823759047
SP30,8.296321070234114,14.425770017362192,0.6969376046772648
SP30,8.418729096989967,14.506412296876865,0.6952434391412423
SP30,8.54113712374582,14.5868233695073,0.6935541308927038
SP30,8.663545150501673,14.666996411875232,0.6918698232799321
SP30,8.785953177257525,14.746924687274468,0.6901906578303683
SP30,8.908361204013378,14.82660154771227,0.6885167742077254
SP30,9.03076923076923,14.906020435884376,0.6868483101704963
SP30,9.153177257525083,14.985174887082588,0.6851854015318783
SP30,9.275585284280936,15.06405853103408,0.6835281821211328
SP30,9.397993311036789,15.142665093671468,0.6818767837463977
SP30,9.520401337792642,15.220988398832954,0.6802313361589716
SP30,9.642809364548494,15.29902236989183,0.6785919670190792
SP30,9.765217391304347,15.376761031314746,0.6769588018631356
SP30,9.8876254180602,15.454198510148219,0.6753319640725164
SP30,10.010033444816054,15.53132903743295,0.6737115748438456
SP30,10.132441471571907,15.608146949545596,0.6720977531608068
SP30,10.25484949832776,15.684646689467758,0.6704906157674841
SP30,10.377257525083612,15.760822807981922,0.668890277143237
SP30,10.499665551839465,15.836669964794329,0.6672968494791107
SP30,10.622073578595318,15.912182929584658,0.6657104426557845
SP30,10.74448160535117,15.987356582982668,0.6641311642230532
SP30,10.866889632107023,16.062185917471815,0.6625591193808442
SP30,10.989297658862876,16.136666038220124,0.660994410961762
SP30,11.111705685618729,16.210792163838565,0.6594371394151561
SP30,11.234113712374581,16.284559627067225,0.6578874027927053
SP30,11.356521739130434,16.35796387538981,0.6563452967355081
SP30,11.478929765886289,16.431000471576827,0.6548109144626717
SP30,11.601337792642141,16.503665094158062,0.6532843467613852
SP30,11.723745819397994,16.57595353782503,0.6517656819784658
SP30,11.846153846153847,16.647861713763906,0.6502550060133634
SP30,11.9685618729097,16.719385649919865,0.6487524023126079
SP30,12.090969899665552,16.79052149119351,0.6472579518656826
SP30,12.213377926421405,16.861265499570273,0.6457717332023052
SP30,12.335785953177258,16.931614054183715,0.6442938223910984
SP30,12.45819397993311,17.001563651313653,0.6428242930396292
SP30,12.580602006688963,17.071110904320182,0.6413632162957945
SP30,12.703010033444816,17.14025254351458,0.639910660850534
SP30,12.825418060200668,17.208985415968247,0.6384666929418435
SP30,12.947826086956521,17.277306485260816,0.6370313763600669
SP30,13.070234113712376,17.34521283116861,0.6356047724544409
SP30,13.192642140468228,17.412701649294707,0.6341869401408675
SP30,13.315050167224081,17.479770250641813,0.6327779359108863
SP30,13.437458193979934,17.5464160611293,0.6313778138418215
SP30,13.559866220735787,17.612636621055696,0.6299866256080736
SP30,13.68227424749164,17.678429584507988,0.6286044204935297
SP30,13.804682274247492,17.743792718719153,0.6272312454050598
SP30,13.927090301003345,17.808723903375245,0.6258671448870747
SP30,14.049498327759197,17.873221129873546,0.6245121611371104
SP30,14.17190635451505,17.937282500533176,0.6231663340224123
SP30,14.294314381270903,18.000906227759636,0.6218297010974867
SP30,14.416722408026756,18.064090633164774,0.6205022976225888
SP30,14.539130434782608,18.126834146643613,0.6191841565831173
SP30,14.661538461538461,18.189135305409632,0.6178753087098816
SP30,14.783946488294315,18.2509927529899,0.6165757825002122
SP30,14.906354515050168,18.312405238181654,0.6152856042398812
SP30,15.028762541806021,18.37337161397179,0.6140047980258028
SP30,15.151170568561874,18.43389083642084,0.6127333857894781
SP30,15.273578595317726,18.49396196351287,0.6114713873211581
SP30,15.395986622073579,18.55358415397292,0.6102188202946865
SP30,15.518394648829432,18.612756666053382,0.6089757002929962
SP30,15.640802675585284,18.671478856290946,0.6077420408342238
SP30,15.763210702341137,18.72975017823551,0.6065178533984137
SP30,15.88561872909699,18.78757018115261,0.6053031474547771
SP30,16.008026755852843,18.844938508700828,0.6040979304894785
SP30,16.130434782608695,18.901854897585636,0.6029022080339153
SP30,16.252842809364548,18.958319176191168,0.6017159836934629
SP30,16.3752508361204,19.014331263191316,0.600539259176653
SP30,16.497658862876253,19.06989116614162,0.5993720343247559
SP30,16.620066889632106,19.12499898005331,0.5982143071417372
SP30,16.74247491638796,19.179654885950935,0.5970660738245601
SP30,16.86488294314381,19.23385914941494,0.5959273287938038
SP30,16.987290969899664,19.28761211911048,0.5947980647245698
SP30,17.109698996655517,19.340914225303916,0.5936782725776488
SP30,17.23210702341137,19.393765978368158,0.5925679416309211
SP30,17.354515050167223,19.44616796727826,0.591467059510961
SP30,17.476923076923075,19.498120858098428,0.5903756122248229
SP30,17.599331103678928,19.54962539246174,0.5892935841919803
SP30,17.72173913043478,19.600682386043733,0.5882209582763922
SP30,17.844147157190633,19.651292727031063,0.5871577158186752
SP30,17.966555183946486,19.70145737458639,0.5861038366683531
SP30,18.08896321070234,19.751177357310596,0.585059299216164
SP30,18.211371237458195,19.80045377170344,0.5840240804263983
SP30,18.333779264214048,19.84928778062373,0.5829981558692494
SP30,18.4561872909699,19.897680611750005,0.5819814997531512
SP30,18.578595317725753,19.945633556042814,0.5809740849570837
SP30,18.701003344481606,19.9931479662095,0.5799758830628257
SP30,18.82341137123746,20.040225255172455,0.5789868643871333
SP30,18.94581939799331,20.08686689454181,0.5780069980138276
SP30,19.068227424749164,20.13307441309341,0.5770362518257687
SP30,19.190635451505017,20.178849395252914,0.5760745925367035
SP30,19.31304347826087,20.224193479586923,0.5751219857229638
SP30,19.435451505016722,20.269108357301878,0.5741783958550026
SP30,19.557859531772575,20.313595770751522,0.5732437863287496
SP30,19.680267558528428,20.357657511953654,0.5723181194967719
SP30,19.80267558528428,20.401295421116927,0.5714013566992242
SP30,19.925083612040133,20.444511385178302,0.5704934582945735
SP30,20.047491638795986,20.487307336351897,0.5695943836900862
SP30,20.16989966555184,20.5296852506898,0.5687040913720631
SP30,20.29230769230769,20.571647146655437,0.5678225389358101
SP30,20.414715719063544,20.61319508371014,0.5669496831153332
SP30,20.537123745819397,20.654331160913326,0.5660854798127453
SP30,20.65953177257525,20.69505751553695,0.5652298841273751
SP30,20.781939799331102,20.73537632169458,0.5643828503845676
SP30,20.904347826086955,20.775289788985685,0.5635443321641663
SP30,21.026755852842808,20.81480016115541,0.5627142823286679
SP30,21.14916387959866,20.853909714770445,0.5618926530510411
SP30,21.271571906354513,20.892620757911182,0.561079395842202
SP30,21.393979933110366,20.9309356288806,0.5602744615781386
SP30,21.51638795986622,20.968856694930267,0.5594778005266751
SP30,21.63879598662207,21.006386351003624,0.5586893623738735
SP30,21.761204013377924,21.043527018497002,0.557909096250063
SP30,21.883612040133777,21.08028114403847,0.5571369507554944
SP30,22.00602006688963,21.116651198284902,0.5563728739856113
SP30,22.128428093645482,21.15263967473735,0.5556168135559381
SP30,22.250836120401335,21.188249088575056,0.5548687166265744
SP30,22.373244147157187,21.22348197550811,0.5541285299263001
SP30,22.49565217391304,21.258340890649094,0.5533961997762795
SP30,22.618060200668896,21.2928284074037,0.5526716721133677
SP30,22.74046822742475,21.326947116380516,0.5519548925130144
SP30,22.862876254180602,21.36069962432003,0.551245806211764
SP30,22.985284280936455,21.39408855304303,0.5505443581293481
SP30,23.107692307692307,21.42711653841827,0.5498504928903725
SP30,23.23010033444816,21.459786229349724,0.5491641548455941
SP30,23.352508361204013,21.49210028678314,0.5484852880927913
SP30,23.474916387959865,21.524061382732206,0.5478138364972225
SP30,23.597324414715718,21.555672199324114,0.5471497437116783
SP30,23.71973244147157,21.58693542786459,0.5464929531961221
SP30,23.842140468227424,21.617853767922384,0.5458434082369248
SP30,23.964548494983276,21.648429926433124,0.5452010519656907
SP30,24.08695652173913,21.678666616822497,0.5445658273776787
SP30,24.20936454849498,21.708566558148682,0.5439376773498177
SP30,24.331772575250834,21.738132474263985,0.5433165446583197
SP30,24.454180602006687,21.767367092995553,0.5427023719958918
SP30,24.57658862876254,21.796273145345037,0.5420951019885496
SP30,24.698996655518393,21.824853364707188,0.5414946772120339
SP30,24.821404682274245,21.853110486107123,0.5409010402078336
SP30,24.943812709030098,21.881047245456276,0.5403141334988177
SP30,25.06622073578595,21.908666378826755,0.5397338996044799
SP30,25.188628762541803,21.935970621744065,0.5391602810557969
SP30,25.311036789297656,21.96296270849797,0.5385932204097066
SP30,25.43344481605351,21.98964537147135,0.538032660263207
SP30,25.55585284280936,22.016021340486894,0.5374785432670821
SP30,25.678260869565214,22.042093342171416,0.536930812139256
SP30,25.800668896321067,22.067864099337637,0.5363894096777808
SP30,25.92307692307692,22.09333633038323,0.5358542787734615
SP30,26.045484949832776,22.118512748706923,0.5353253624221235
SP30,26.16789297658863,22.143396062141466,0.5348026037365239
SP30,26.29030100334448,22.167988972403265,0.5342859459579146
SP30,26.412709030100334,22.192294174558448,0.5337753324672595
SP30,26.535117056856187,22.216314356505148,0.5332707067961104
SP30,26.65752508361204,22.240052198471805,0.5327720126371469
SP30,26.779933110367892,22.263510372531265,0.5322791938543852
SP30,26.902341137123745,22.286691542130395,0.5317921944930589
SP30,27.024749163879598,22.30959836163507,0.5313109587891791
SP30,27.14715719063545,22.332233475890238,0.5308354311787765
SP30,27.269565217391303,22.354599519794828,0.5303655563068314
SP30,27.391973244147156,22.376699117891334,0.5299012790358963
SP30,27.51438127090301,22.39853488396974,0.5294425444544172
SP30,27.63678929765886,22.420109420685648,0.5289892978847552
SP30,27.759197324414714,22.44142531919225,0.5285414848909191
SP30,27.881605351170567,22.462485158786045,0.5280990512860075
SP30,28.00401337792642,22.483291506565955,0.5276619431393708
SP30,28.126421404682272,22.503846917105626,0.5272301067834952
SP30,28.248829431438125,22.524153932138688,0.5268034888206158
SP30,28.371237458193978,22.544215080256723,0.5263820361290604
SP30,28.49364548494983,22.5640328766197,0.5259656958693341
SP30,28.616053511705683,22.58360982267864,0.5255544154899445
SP30,28.738461538461536,22.602948405910247,0.525148142732978
SP30,28.86086956521739,22.622051099563333,0.5247468256394259
SP30,28.98327759197324,22.640920362416676,0.5243504125542715
SP30,29.105685618729094,22.659558638548244,0.5239588521313394
SP30,29.228093645484947,22.677968357115358,0.5235720933379127
SP30,29.3505016722408,22.696151932145728,0.5231900854591234
SP30,29.472909698996652,22.71411176233903,0.5228127781021212
SP30,29.59531772575251,22.731850230878806,0.5224401212000251
SP30,29.71772575250836,22.749369705254487,0.5220720650156621
SP30,29.840133779264214,22.766672537093303,0.5217085601450987
SP30,29.962541806020067,22.7837610620018,0.5213495575209706
SP30,30.08494983277592,22.800637599416856,0.5209950084156123
SP30,30.207357859531772,22.817304452465823,0.5206448644439954
SP30,30.329765886287625,22.83376390783573,0.5202990775664762
SP30,30.452173913043477,22.850018235651206,0.5199576000913613
SP30,30.57458193979933,22.866069689360966,0.5196203846772907
SP30,30.696989966555183,22.881920505632664,0.5192873843354482
SP30,30.819397993311036,22.897572904255846,0.5189585524315998
SP30,30.94180602006689,22.913029088052845,0.5186338426879655
SP30,31.06421404682274,22.928291242797407,0.5183132091849285
SP30,31.186622073578594,22.9433615371408,0.5179966063625883
SP30,31.309030100334446,22.958242122545286,0.5176839890221578
SP30,31.4314381270903,22.97293513322468,0.5173753123272127
SP30,31.553846153846152,22.987442686091857,0.517070531804793
SP30,31.676254180602005,23.001766880712985,0.5167696033463658
SP30,31.798662207357857,23.015909799268343,0.5164724832086482
SP30,31.92107023411371,23.029873506519436,0.5161791280142976
SP30,32.04347826086956,23.043660049782368,0.5158894947524713
SP30,32.16588628762542,23.05727145890717,0.5156035407792612
SP30,32.28829431438127,23.070709746262967,0.5153212238180049
SP30,32.410702341137124,23.08397690672881,0.5150425019594788
SP30,32.533110367892974,23.097074917689987,0.5147673336619751
SP30,32.65551839464883,23.110005739039632,0.5144956777512683
SP30,32.77792642140468,23.122771313185513,0.5142274934204725
SP30,32.900334448160535,23.135373565061805,0.513962740229794
SP30,33.02274247491639,23.147814402145666,0.5137013781061834
SP30,33.14515050167224,23.160095714478526,0.5134433673428882
SP30,33.2675585284281,23.172219374691878,0.5131886685989102
SP30,33.389966555183946,23.184187238037453,0.5129372428983728
SP30,33.5123745819398,23.196001142421615,0.5126890516297979
SP30,33.63478260869565,23.207662908443837,0.5124440565452976
SP30,33.75719063545151,23.219174339439114,0.5122022197596825
SP30,33.87959866220736,23.23053722152421,0.5119635037494914
SP30,34.00200668896321,23.241753323647526,0.5117278713519428
SP30,34.12441471571906,23.252824397642538,0.5114952857638122
SP30,34.24682274247492,23.263752178284633,0.5112657105402387
SP30,34.36923076923077,23.274538383351203,0.5110391095934621
SP30,34.491638795986624,23.285184713684938,0.510815447191493
SP30,34.61404682274247,23.295692853260093,0.5105946879567207
SP30,34.73645484949833,23.30606446925173,0.5103767968644595
SP30,34.85886287625418,23.316301212107707,0.5101617392414348
SP30,34.981270903010035,23.32640471562338,0.5099494807642148
SP30,35.103678929765884,23.336376597018877,0.5097399874575866
SP30,35.22608695652174,23.346218457018825,0.5095332256928818
SP30,35.34849498327759,23.355931879934438,0.5093291621862512
SP30,35.470903010033446,23.365518433747894,0.509127763996893
SP30,35.593311036789295,23.374979670198794,0.5089289985252354
SP30,35.71571906354515,23.384317124872776,0.5087328335110761
SP30,35.838127090301,23.393532317291992,0.5085392370316808
SP30,35.96053511705686,23.402626751007542,0.5083481774998415
SP30,36.082943143812706,23.411601913693612,0.5081596236618989
SP30,36.20535117056856,23.420459277243342,0.5079735445957281
SP30,36.32775919732441,23.42920029786629,0.5077899097086913
SP30,36.45016722408027,23.4378264161874,0.5076086887355589
SP30,36.57257525083612,23.446339057347405,0.5074298517363991
SP30,36.69498327759197,23.45473963110461,0.507253369094441
SP30,36.81739130434782,23.463029531937924,0.5070792115139091
SP30,36.93979933110368,23.471210139151093,0.5069073500178343
SP30,37.06220735785953,23.479282816978102,0.5067377559458381
SP30,37.184615384615384,23.487248914689566,0.5065704009518999
SP30,37.30702341137123,23.495109766700168,0.5064052570020974
SP30,37.42943143812709,23.502866692676985,0.5062422963723323
SP30,37.55183946488294,23.510520997648676,0.5060814916460362
SP30,37.674247491638795,23.518073972115445,0.5059228157118605
SP30,37.796655518394644,23.525526892159768,0.5057662417613494
SP30,37.9190635451505,23.53288101955774,0.5056117432866021
SP30,38.04147157190635,23.540137601891054,0.505459294077919
SP30,38.163879598662206,23.54729787265954,0.5053088682214382
SP30,38.28628762541806,23.554363051394194,0.5051604400967606
SP30,38.40869565217391,23.561334343770625,0.5050139843745667
SP30,38.53110367892977,23.568212941722937,0.504869476014224
SP30,38.65351170568562,23.57500002355792,0.5047268902613883
SP30,38.77591973244147,23.581696754069558,0.5045862026455976
SP30,38.89832775919732,23.588304284653745,0.5044473889778625
SP30,39.02073578595318,23.59482375342326,0.5043104253482509
SP30,39.14314381270903,23.601256285322826,0.50417528812347
SP30,39.265551839464884,23.607602992244374,0.504041953944446
SP30,39.38795986622073,23.613864973142274,0.5039103997239018
SP30,39.51036789297659,23.620043314148674,0.5037806026439354
SP30,39.63277591973244,23.62613908868883,0.5036525401535961
SP30,39.755183946488295,23.632153357596355,0.5035261899664631
SP30,39.877591973244144,23.63808716922841,0.5034015300582266
SP30,40.0,23.643941559580792,0.5032785386642691
